user1,user1,user1@user.com,user1,user1
user2,user2,user2@user.com,user2,user2
user3,user3,user3@user.com,user3,user3
user4,user4,user4@user.com,user4,user4
user5,user5,user5@user.com,user5,user5
user6,user6,user6@user.com,user6,user6
user7,user7,user7@user.com,user7,user7
user8,user8,user8@user.com,user8,user8
user9,user9,user9@user.com,user9,user9
user10,user10,user10@user.com,user10,user10
user11,user11,user11@user.com,user11,user11
user12,user12,user12@user.com,user12,user12
user13,user13,user13@user.com,user13,user13
user14,user14,user14@user.com,user14,user14
user15,user15,user15@user.com,user15,user15
user16,user16,user16@user.com,user16,user16
user17,user17,user17@user.com,user17,user17
user18,user18,user18@user.com,user18,user18
user19,user19,user19@user.com,user19,user19
user20,user20,user20@user.com,user20,user20
